"Time","Trained","Repeated"
1,0.5943,0.7193
2,0.75439,0.62281
3,0.662280702,0.688596491
4,0.649122807,0.697368421
5,0.662280702,0.701754386
6,0.719298246,0.736842105
7,0.708333333,0.706140351
8,0.666666667,0.631578947
9,0.653508772,0.708333333
10,0.75877193,0.631578947
11,0.75877193,0.697368421
12,0.715,0.588
13,0.737,0.632
