,coverage_rate,median_width,prob_out
wald,0.8726,4.26405706254967,1e-04
inv_lrt,0.9328,6.27666955295389,0
boot1,0.8416,4.22312474317289,0.0063
boot2,0.8943,4.44604174280527,0
boot3,0.935,5.90475535550284,0
boot4,0.8264,3.82311038927223,0.0067
