,coverage_rate,median_width,prob_out
wald,0.9702,27.4103638542617,0.5378
inv_lrt,0.9242,25.6284925607323,0
boot1,0.8981,45.3877027151841,1
boot2,0.9455,23.3034695648246,0
boot3,0.9455,23.3034694278301,0
boot4,0.9198,59.1176029557868,1
