,coverage_rate,median_width,prob_out
wald,0.9744,17.8840059650744,0.526
inv_lrt,0.929,16.8323254593676,0
boot1,0.9,29.779111317804,1
boot2,0.9531,15.3043211474459,0
boot3,0.9531,15.3043166788365,0
boot4,0.9251,42.9636174886615,1
