,coverage_rate,median_width,prob_out
wald,0.9236,3.01106316325845,0
inv_lrt,0.9464,3.36040794066846,0
boot1,0.9039,2.99637633936237,0
boot2,0.9374,3.06866604619242,0
boot3,0.9353,3.26385736934341,0
boot4,0.8909,2.8137402804432,1e-04
