,coverage_rate,median_width,prob_out
wald,0.9714,6.9148851384077,0
inv_lrt,0.9495,6.75902130694525,0
boot1,0.9395,7.09087263420041,0
boot2,0.9504,6.68085524089685,0
boot3,0.9504,6.68084808204428,0
boot4,0.9399,10.1704929270144,0
