,coverage_rate,median_width,prob_out
wald,0.9715,4.66522537408824,0
inv_lrt,0.9476,4.52577570622203,0
boot1,0.94,4.73987274436354,0
boot2,0.9481,4.46553390993545,0
boot3,0.9481,4.4655338976849,0
boot4,0.9403,7.52267131417898,0
