,coverage_rate,median_width,prob_out
wald,0.9706,1.16109306779375,0
inv_lrt,0.9444,1.12958101641964,0
boot1,0.9373,1.18425678112765,0
boot2,0.9489,1.11544450602602,0
boot3,0.9489,1.11544450662854,0
boot4,0.9347,2.97821393835309,0.1702
