,coverage_rate,median_width,prob_out
wald,0.9715,2.33769086118267,0
inv_lrt,0.9456,2.26470246519775,0
boot1,0.9369,2.37701131096814,0
boot2,0.9484,2.24065708134196,0
boot3,0.9484,2.24065729327937,0
boot4,0.9407,4.63765595699443,0.0023
