,coverage_rate,median_width,prob_out
wald,0.9399,1.53006999920027,0
inv_lrt,0.9507,1.58178620651346,0
boot1,0.934,1.52466493084471,0
boot2,0.9447,1.53317413057317,0
boot3,0.9493,1.57798739242427,0
boot4,0.9281,1.48965924559783,0
