,coverage_rate,median_width,prob_out
wald,0.9393,2.14833851243458,0
inv_lrt,0.9506,2.27745012049134,0
boot1,0.9257,2.13627797330732,0
boot2,0.9449,2.16247753467878,0
boot3,0.9449,2.25297307108971,0
boot4,0.9182,2.06217900934235,0
