,coverage_rate,median_width,prob_out
wald,0.9417,1.25031550479349,0
inv_lrt,0.949,1.28284464853236,0
boot1,0.9379,1.24612931093528,0
boot2,0.9438,1.25166597110421,0
boot3,0.9485,1.28302433285262,0
boot4,0.9317,1.22381608170268,0
