,coverage_rate,median_width,prob_out
wald,0.7908,7.41559671703461,0.3037
inv_lrt,0.9267,61.3565212842109,0
boot1,0.7315,7.23339984771125,0.547
boot2,0.8566,8.46518671811384,0
boot3,0.8805,13.4168730925031,0
boot4,0.6976,5.69999682194013,0.2645
