,coverage_rate,median_width,prob_out
wald,0.9702,4.53588619634598,0.5324
inv_lrt,0.9221,4.25027621377186,0
boot1,0.8994,7.51762048562962,1
boot2,0.9486,3.86520979172964,0
boot3,0.9486,3.86520953662003,0
boot4,0.9571,17.6406456091096,1
