,coverage_rate,median_width,prob_out
wald,0.9744,9.26014303858254,0.5444
inv_lrt,0.9239,8.62304906479818,0
boot1,0.9046,15.2658961024243,1
boot2,0.9492,7.83426404709191,0
boot3,0.9492,7.83426774152523,0
boot4,0.9395,26.9587660015987,1
