,coverage_rate,median_width,prob_out
wald,0.8805,3.49373368019484,0
inv_lrt,0.928,4.59750905607018,0
boot1,0.86,3.46440445453911,2e-04
boot2,0.8928,3.58083560006115,0
boot3,0.9361,4.63127541743532,0
boot4,0.8443,3.23300821263057,0.0011
