,coverage_rate,median_width,prob_out
wald,0.8434,5.72760481435711,0.0358
inv_lrt,0.9331,11.7000061592824,0
boot1,0.7979,5.63221237995349,0.1706
boot2,0.8831,6.16552075102617,0
boot3,0.9198,8.74126088735608,0
boot4,0.7768,4.8333303514201,0.0749
