,coverage_rate,median_width,prob_out
wald,0.9709,10.0697668238111,0.0476
inv_lrt,0.9441,9.5800444842012,0
boot1,0.9131,11.8375451470333,0.6219
boot2,0.9496,9.21031214759617,0
boot3,0.9496,9.21031470142354,0
boot4,0.9225,17.6765669378583,1
