,coverage_rate,median_width,prob_out
wald,0.9706,2.53600039629443,0.054
inv_lrt,0.934,2.40484944914943,0
boot1,0.9177,2.95937550298073,0.6164
boot2,0.943,2.30904602471555,0
boot3,0.943,2.30904545254604,0
boot4,0.9343,7.12435938827719,1
