,coverage_rate,median_width,prob_out
wald,0.9726,5.07310411511411,0.0487
inv_lrt,0.943,4.81028469464762,0
boot1,0.92,5.92267180537577,0.6135
boot2,0.9504,4.62827334372474,0
boot3,0.9504,4.62827211530544,0
boot4,0.9326,10.9510305129248,1
