,coverage_rate,median_width,prob_out
wald,0.8671,5.53823410627177,0.0035
inv_lrt,0.9404,9.16845477325628,0
boot1,0.8277,5.45985357108609,0.0653
boot2,0.9088,5.91540771716901,0
boot3,0.9072,7.37041446893605,0
boot4,0.8071,4.70486954684002,0.0418
