,coverage_rate,median_width,prob_out
wald,0.9721,14.9966706790336,0.0493
inv_lrt,0.9438,14.3128819553632,0
boot1,0.9173,17.6107734201798,0.6023
boot2,0.9491,13.7801173411901,0
boot3,0.9491,13.7801174475922,0
boot4,0.9272,24.1242190491422,1
