,coverage_rate,median_width,prob_out
wald,0.9149,2.9143835617755,0
inv_lrt,0.9408,3.35192459426543,0
boot1,0.8979,2.8957813391124,0
boot2,0.9269,2.9629033947692,0
boot3,0.9378,3.32016379248143,0
boot4,0.8818,2.74246431773316,0
