,coverage_rate,median_width,prob_out
wald,0.8965,4.05132484824082,0
inv_lrt,0.9438,5.18432477270191,0
boot1,0.8694,4.00278563820568,0
boot2,0.9227,4.18645453928397,0
boot3,0.9284,4.87407537933514,0
boot4,0.8528,3.6544063130613,0.0016
