,coverage_rate,median_width,prob_out
wald,0.9216,2.406498653236,0
inv_lrt,0.9451,2.67450461966598,0
boot1,0.9099,2.39951312347843,0
boot2,0.9304,2.43312739419882,0
boot3,0.9439,2.6888995857401,0
boot4,0.9006,2.29674825926548,0
