,coverage_rate,median_width,prob_out
wald,0.9725,10.1031937389398,2e-04
inv_lrt,0.9459,9.75297642102741,0
boot1,0.9305,10.7812684917085,0
boot2,0.9488,9.54943107738558,0
boot3,0.9488,9.54943601990918,0
boot4,0.9349,15.1217461703561,0.0023
