,coverage_rate,median_width,prob_out
wald,0.9731,3.03440710111848,0
inv_lrt,0.9455,2.98750446997362,0
boot1,0.9467,3.01227392664785,0
boot2,0.9452,2.97619341745383,0
boot3,0.9452,2.97619351589841,0
boot4,0.9476,4.45665955427091,0
