,coverage_rate,median_width,prob_out
wald,0.9325,1.74806048864832,0
inv_lrt,0.9431,1.84176113120864,0
boot1,0.9258,1.74141769973035,0
boot2,0.9344,1.75516098972201,0
boot3,0.9421,1.8458916624897,0
boot4,0.92,1.69668703340965,0
