,coverage_rate,median_width,prob_out
wald,0.9746,1.00752993638941,0
inv_lrt,0.9488,0.995081083590523,0
boot1,0.9477,1.0028167853117,0
boot2,0.949,0.991152256008385,0
boot3,0.949,0.991152431885677,0
boot4,0.9474,2.09592675168941,0
