,coverage_rate,median_width,prob_out
wald,0.8994,4.11660790839705,0
inv_lrt,0.9473,5.17841333655907,0
boot1,0.8695,4.08424790192923,0
boot2,0.9279,4.27258965289706,0
boot3,0.9275,4.81028015910085,0
boot4,0.8538,3.71229552721235,0.0025
