,coverage_rate,median_width,prob_out
wald,0.9218,2.98768828780635,0
inv_lrt,0.9482,3.36823580160909,0
boot1,0.9056,2.96977711292802,0
boot2,0.9348,3.0397887973017,0
boot3,0.9406,3.29477323057373,0
boot4,0.8942,2.78890448701384,0
