,coverage_rate,median_width,prob_out
wald,0.9303,2.13100004559274,0
inv_lrt,0.9449,2.28181883366724,0
boot1,0.9196,2.12454367895419,0
boot2,0.9357,2.15026685264482,0
boot3,0.9427,2.27674261621322,0
boot4,0.9138,2.0452812239209,0
