,coverage_rate,median_width,prob_out
wald,0.9701,2.00870472630568,0
inv_lrt,0.9472,1.9888413557703,0
boot1,0.9447,2.00207802198125,0
boot2,0.9463,1.97850183968634,0
boot3,0.9463,1.97850108755797,0
boot4,0.9455,3.32696894789007,0
