,coverage_rate,median_width,prob_out
wald,0.9484,0.692079343572413,0
inv_lrt,0.9474,0.696625278240079,0
boot1,0.9444,0.690128887715699,0
boot2,0.9475,0.690995417467172,0
boot3,0.9464,0.695246150766581,0
boot4,0.9453,0.686891840887581,0
