,coverage_rate,median_width,prob_out
wald,0.9723,0.503826116593253,0
inv_lrt,0.9464,0.497522219365516,0
boot1,0.9441,0.501491495083446,0
boot2,0.9458,0.495552046922913,0
boot3,0.9458,0.49555208422349,0
boot4,0.9428,1.35917885409532,0
