,coverage_rate,median_width,prob_out
wald,0.9451,1.37990343327149,0
inv_lrt,0.9509,1.40921583966987,0
boot1,0.9384,1.3754205462779,0
boot2,0.9478,1.3826737058349,0
boot3,0.9473,1.39947757267125,0
boot4,0.9337,1.35226545653231,0
