,coverage_rate,median_width,prob_out
wald,0.9439,0.564066401565086,0
inv_lrt,0.9463,0.566843921450987,0
boot1,0.9422,0.562103595025855,0
boot2,0.9441,0.562551002481006,0
boot3,0.9456,0.565621321721954,0
boot4,0.9412,0.561039752028655,0
