,coverage_rate,median_width,prob_out
wald,0.971,1.69111361158654,0
inv_lrt,0.9451,1.62867232425915,0
boot1,0.93,1.80190640268262,0
boot2,0.946,1.59543772509208,0
boot3,0.946,1.59543766261972,0
boot4,0.9296,4.40372343338606,0.9547
