,coverage_rate,median_width,prob_out
wald,0.9721,3.36121924727926,0
inv_lrt,0.95,3.24813604627537,0
boot1,0.9299,3.59254356345715,0
boot2,0.9518,3.18159608663773,0
boot3,0.9518,3.18159530256501,0
boot4,0.9324,6.82855591423866,0.5793
