,coverage_rate,median_width,prob_out
wald,0.9451,0.976933623148073,0
inv_lrt,0.95,0.987981172537806,0
boot1,0.9431,0.9736347668196,0
boot2,0.9468,0.97601936419935,0
boot3,0.9489,0.98349811719125,0
boot4,0.9407,0.966411182117861,0
