,coverage_rate,median_width,prob_out
wald,0.9722,6.76436499728502,0
inv_lrt,0.9456,6.51473747107026,0
boot1,0.9297,7.20554594538945,0
boot2,0.9489,6.38504573736639,0
boot3,0.9489,6.38504706017746,0
boot4,0.9354,11.1087207935736,0.0495
